Sno,Rule ID,Severity,Message,Vulnerable Snippet,Path,Line Number
0,Users.suj.Downloads.Check_Privilege_rule,WARNING,check_privilege skipped in Admin::WorkspacesController,"  skip_before_action :load_object, :check_privilege, only: [:meta, :remove_section,  :signup]",api/app/controllers/admin/workspaces_controller.rb,19
1,Users.suj.Downloads.Check_Privilege_rule,WARNING,check_privilege skipped in ApiFreshidController,"  skip_before_action :check_privilege, only: [:create_user, :delete_user]",api/app/controllers/api_freshid_controller.rb,10
2,Users.suj.Downloads.Check_Privilege_rule,WARNING,check_privilege skipped in ApiProjectsController,"  skip_before_action :check_privilege, :check_account_state, :check_day_pass_usage_with_user_time_zone, only: [:update_migration_data]",api/app/controllers/api_projects_controller.rb,7
3,Users.suj.Downloads.Check_Privilege_rule,WARNING,check_privilege skipped in ApiUsersController,"  skip_before_action :check_privilege, only: [:profile_image_no_blank, :requested_documents]",api/app/controllers/api_users_controller.rb,6
4,Users.suj.Downloads.Check_Privilege_rule,WARNING,check_privilege skipped in AsyncApiJobsController,"  skip_before_action :before_load_object, :load_object, :after_load_object, :check_privilege, :verify_authenticity_token, :check_day_pass_usage_with_user_time_zone, :set_msg_id, only: [:show]",api/app/controllers/async_api_jobs_controller.rb,5
5,Users.suj.Downloads.Check_Privilege_rule,WARNING,check_privilege skipped in Central::SyncController,"  skip_before_action :check_privilege, :load_object",api/app/controllers/central/sync_controller.rb,3
6,Users.suj.Downloads.Check_Privilege_rule,WARNING,check_privilege skipped in Channel::FreddyController,"  skip_before_action :check_privilege, :load_object",api/app/controllers/channel/freddy_controller.rb,9
7,Users.suj.Downloads.Check_Privilege_rule,WARNING,check_privilege skipped in Channel::FreshchannelController,"  skip_before_action :check_privilege, :load_object",api/app/controllers/channel/freshchannel_controller.rb,4
8,Users.suj.Downloads.Check_Privilege_rule,WARNING,check_privilege skipped in Channel::Freshdesk::SettingsController,"  skip_before_action :check_privilege, only: [:unlink_account, :update_config]",api/app/controllers/channel/freshdesk/settings_controller.rb,5
9,Users.suj.Downloads.Check_Privilege_rule,WARNING,check_privilege skipped in Channel::Iam::AuthenticationController,"  skip_before_action :load_object, :check_privilege, :ensure_proper_protocol",api/app/controllers/channel/iam/authentication_controller.rb,3
10,Users.suj.Downloads.Check_Privilege_rule,WARNING,check_privilege skipped in UserController,"      skip_before_action :load_object, :check_privilege",api/app/controllers/channel/iam/user_controller.rb,6
11,Users.suj.Downloads.Check_Privilege_rule,WARNING,check_privilege skipped in Channel::Marketplace::OrchestrationConfigController,"  skip_before_action :check_privilege, :load_object",api/app/controllers/channel/marketplace/orchestration_config_controller.rb,6
12,Users.suj.Downloads.Check_Privilege_rule,WARNING,check_privilege skipped in BaseController,"      skip_before_action :set_current_account, :check_privilege, :ensure_proper_protocol,
                         :check_day_pass_usage_with_user_time_zone, :check_session,
                         :set_cache_buster, :verify_authenticity_token,
                         :load_object, :build_object, raise: false",api/app/controllers/channel/message/base_controller.rb,8
13,Users.suj.Downloads.Check_Privilege_rule,WARNING,check_privilege skipped in ExperienceBaseController,"      skip_before_action :set_current_account, :check_privilege, :ensure_proper_protocol,
                         :check_day_pass_usage_with_user_time_zone, :check_session,
                         :set_cache_buster, :verify_authenticity_token,
                         :load_object, :build_object, raise: false",api/app/controllers/channel/service_bot/experience_base_controller.rb,7
14,Users.suj.Downloads.Check_Privilege_rule,WARNING,check_privilege skipped in Channel::ServiceCatalog::ItemsController,"  skip_before_action :check_privilege, :verify_authenticity_token, :load_object, raise: false",api/app/controllers/channel/service_catalog/items_controller.rb,4
15,Users.suj.Downloads.Check_Privilege_rule,WARNING,check_privilege skipped in ChannelController,  skip_before_action :check_privilege,api/app/controllers/channel_controller.rb,3
16,Users.suj.Downloads.Check_Privilege_rule,WARNING,check_privilege skipped in CloudFilesController,  skip_before_action :check_privilege,api/app/controllers/cloud_files_controller.rb,3
17,Users.suj.Downloads.Check_Privilege_rule,WARNING,check_privilege skipped in ExplorePlanController,"  skip_before_action :set_current_account, :check_privilege, :ensure_proper_protocol,
                     :set_time_zone, :check_day_pass_usage_with_user_time_zone, :check_session, :set_cache_buster,
                     :set_locale, :verify_authenticity_token, :load_object, :build_object, only: [:upload_url], raise: false",api/app/controllers/explore_plan_controller.rb,6
18,Users.suj.Downloads.Check_Privilege_rule,WARNING,check_privilege skipped in ExtLookupSearchController,"  skip_before_action :check_privilege, :check_action_specific_privileges, only: :index",api/app/controllers/ext_lookup_search_controller.rb,4
19,Users.suj.Downloads.Check_Privilege_rule,WARNING,check_privilege skipped in FeaturesController,"  skip_before_action :check_privilege, :check_day_pass_usage_with_user_time_zone, only: :index",api/app/controllers/features_controller.rb,5
20,Users.suj.Downloads.Check_Privilege_rule,WARNING,check_privilege skipped in FieldFinder::ContactsController,"  skip_before_action :check_privilege, :verify_authenticity_token",api/app/controllers/field_finder/contacts_controller.rb,6
21,Users.suj.Downloads.Check_Privilege_rule,WARNING,check_privilege skipped in Freshrelease::SettingsController,"  skip_before_action :check_privilege, only: [:notifications, :slack_status, :rts]",api/app/controllers/freshrelease/settings_controller.rb,10
22,Users.suj.Downloads.Check_Privilege_rule,WARNING,check_privilege skipped in GalleryV2PrerequisitesController,"  skip_before_action :check_privilege, :load_object",api/app/controllers/gallery_v2_prerequisites_controller.rb,9
23,Users.suj.Downloads.Check_Privilege_rule,WARNING,check_privilege skipped in InlineImagesController,"  skip_before_action :check_privilege, :check_anonymous_user, :build_object, :validate_params, :sanitize_params, :before_build_object",api/app/controllers/inline_images_controller.rb,4
24,Users.suj.Downloads.Check_Privilege_rule,WARNING,check_privilege skipped in Itil::AppCallbacksController,"  skip_before_action :check_privilege, :load_object, only: [:handle_orchestration, :handle_webrequest, :preview, :preview_webrequest]",api/app/controllers/itil/app_callbacks_controller.rb,8
25,Users.suj.Downloads.Check_Privilege_rule,WARNING,check_privilege skipped in Itil::BusinessRulesController,"  skip_before_action :check_privilege, :check_user_workspace, only: :filtered_index # since requester login needs business rules for mobile app",api/app/controllers/itil/business_rules_controller.rb,11
26,Users.suj.Downloads.Check_Privilege_rule,WARNING,check_privilege skipped in Itil::BusinessRulesController,"  skip_before_action :check_privilege, only: :index",api/app/controllers/itil/business_rules_controller.rb,12
27,Users.suj.Downloads.Check_Privilege_rule,WARNING,check_privilege skipped in Itil::CredentialsController,"  skip_before_action :check_privilege, :set_current_workspace, :check_user_workspace, only: [:oauth_callback]",api/app/controllers/itil/credentials_controller.rb,8
28,Users.suj.Downloads.Check_Privilege_rule,WARNING,check_privilege skipped in MlServiceController,"  skip_before_action :build_object, :load_object, :set_current_account, :check_privilege, :verify_authenticity_token,
                     :set_shard_for_payload, :set_client_ip, :check_account_state, :ensure_proper_protocol,
                     :set_time_zone, :check_day_pass_usage_with_user_time_zone, :ensure_proper_fd_domain,
                     :set_cache_buster, :set_locale, only: [:update_freddy_suggestions_multiple, :bulk_onboard, :onboard_kbase_insights, :refresh_cues], raise: false",api/app/controllers/ml_service_controller.rb,7
29,Users.suj.Downloads.Check_Privilege_rule,WARNING,check_privilege skipped in Public::ApiApprovalsController,	skip_before_action :check_privilege,api/app/controllers/public/api_approvals_controller.rb,4
30,Users.suj.Downloads.Check_Privilege_rule,WARNING,check_privilege skipped in SharepointConnectorsController,"  skip_before_action :set_current_account, :check_privilege, :check_session,
                     :check_day_pass_usage_with_user_time_zone, :set_cache_buster,
                     only: [:callback]",api/app/controllers/sharepoint_connectors_controller.rb,3
31,Users.suj.Downloads.Check_Privilege_rule,WARNING,check_privilege skipped in AccountsController,"  skip_before_action :check_privilege, :verify_authenticity_token, only: [:check_domain, :new_signup_free, :email_only_signup, :signup_google,
                      :create_account_google, :associate_google_account,
                      :associate_local_to_google, :create, :rebrand, :dashboard, :rabbitmq_exchange_info]",app/controllers/accounts_controller.rb,17
32,Users.suj.Downloads.Check_Privilege_rule,WARNING,check_privilege skipped in ActivationsController,"  skip_before_action :check_privilege, :verify_authenticity_token, only: [:new, :create]",app/controllers/activations_controller.rb,5
33,Users.suj.Downloads.Check_Privilege_rule,WARNING,check_privilege skipped in Admin::ChatbotSettingsController,"  skip_before_action :verify_authenticity_token, :check_privilege, only: [:update_chatbot_status]",app/controllers/admin/chatbot_settings_controller.rb,7
34,Users.suj.Downloads.Check_Privilege_rule,WARNING,check_privilege skipped in Admin::DataExportController,"  skip_before_action :check_privilege, :verify_authenticity_token, only: :download_report",app/controllers/admin/data_export_controller.rb,7
35,Users.suj.Downloads.Check_Privilege_rule,WARNING,check_privilege skipped in Admin::DataExportController,"  skip_before_action :check_privilege, :set_current_workspace, :check_user_workspace, only: [:download]",app/controllers/admin/data_export_controller.rb,8
36,Users.suj.Downloads.Check_Privilege_rule,WARNING,check_privilege skipped in AgentsController,"  skip_before_action :check_privilege, :verify_authenticity_token, only: [:info_for_node, :save_freshchat_restore_id, :edit]",app/controllers/agents_controller.rb,17
37,Users.suj.Downloads.Check_Privilege_rule,WARNING,check_privilege skipped in AnswerBot::ChannelController,"  skip_before_action :check_privilege, :set_current_account",app/controllers/answer_bot/channel_controller.rb,6
38,Users.suj.Downloads.Check_Privilege_rule,WARNING,check_privilege skipped in ApiV2RoutesController,	skip_before_action :check_privilege,app/controllers/api_v2_routes_controller.rb,3
39,Users.suj.Downloads.Check_Privilege_rule,WARNING,check_privilege skipped in ApplicationController,"  skip_before_action :check_privilege, only: [:get_feedback]",app/controllers/application_controller.rb,28
40,Users.suj.Downloads.Check_Privilege_rule,WARNING,check_privilege skipped in AuthorizationsController,"  skip_before_action :check_privilege, :verify_authenticity_token, :check_session",app/controllers/authorizations_controller.rb,11
41,Users.suj.Downloads.Check_Privilege_rule,WARNING,check_privilege skipped in Billing::BillingController,"  skip_before_action :check_privilege, :verify_authenticity_token,
                      :set_current_account, :set_time_zone, :set_locale, :check_session,
                      :check_account_state, :ensure_proper_protocol,
                      :check_day_pass_usage, :check_account_restriction, :check_user_workspace, :redirect_to_workspace_selection",app/controllers/billing/billing_controller.rb,5
42,Users.suj.Downloads.Check_Privilege_rule,WARNING,check_privilege skipped in CalendarIntegrationController,  skip_before_action :check_privilege,app/controllers/calendar_integration_controller.rb,4
43,Users.suj.Downloads.Check_Privilege_rule,WARNING,check_privilege skipped in ChatBotController,"  skip_before_action :check_session, :check_privilege, :verify_authenticity_token,
                     :remove_pjax_param, :check_day_pass_usage, :ensure_proper_protocol",app/controllers/chat_bot_controller.rb,3
44,Users.suj.Downloads.Check_Privilege_rule,WARNING,check_privilege skipped in Doorkeeper::Api::MarketplaceController,  skip_before_action :check_privilege,app/controllers/doorkeeper/api/marketplace_controller.rb,2
45,Users.suj.Downloads.Check_Privilege_rule,WARNING,check_privilege skipped in Doorkeeper::ApplicationMetalController,  skip_before_action :check_privilege,app/controllers/doorkeeper/application_metal_controller.rb,2
46,Users.suj.Downloads.Check_Privilege_rule,WARNING,check_privilege skipped in EmailServiceController,"  skip_before_action :set_current_account, :check_account_state, :check_account_restriction,
                  :check_session, :check_privilege, :verify_authenticity_token, :set_locale, :set_time_zone,
                  :check_day_pass_usage, :ensure_proper_protocol, :redirect_to_workspace_selection",app/controllers/email_service_controller.rb,6
47,Users.suj.Downloads.Check_Privilege_rule,WARNING,check_privilege skipped in ExtLookupFieldsController,"  skip_before_action :check_privilege, only: [:requested_for_test_request, :fetch_paths, :requested_for_choices, :process_http_request]",app/controllers/ext_lookup_fields_controller.rb,13
48,Users.suj.Downloads.Check_Privilege_rule,WARNING,check_privilege skipped in FdIntegrationController,"  skip_before_action :check_privilege, only: [:find_availability, :location_hierarchy, :lookup_choices]",app/controllers/fd_integration_controller.rb,7
49,Users.suj.Downloads.Check_Privilege_rule,WARNING,check_privilege skipped in Fdadmin::DevopsMainController,"  skip_before_action :check_privilege, :set_time_zone, :set_current_account, :set_locale, :check_account_state,
    :check_account_restriction, :ensure_proper_protocol, :check_day_pass_usage, :check_session, :redirect_to_workspace_selection",app/controllers/fdadmin/devops_main_controller.rb,6
50,Users.suj.Downloads.Check_Privilege_rule,WARNING,check_privilege skipped in FreshidController,"  skip_before_action :check_privilege, :verify_authenticity_token, :check_account_state, :redirect_to_workspace_selection",app/controllers/freshid_controller.rb,14
51,Users.suj.Downloads.Check_Privilege_rule,WARNING,check_privilege skipped in GoogleLoginController,  skip_before_action :check_privilege,app/controllers/google_login_controller.rb,9
52,Users.suj.Downloads.Check_Privilege_rule,WARNING,check_privilege skipped in GoogleSignupController,  skip_before_action :check_privilege,app/controllers/google_signup_controller.rb,10
53,Users.suj.Downloads.Check_Privilege_rule,WARNING,check_privilege skipped in Helpdesk::AttachmentsController,  skip_before_action :check_privilege,app/controllers/helpdesk/attachments_controller.rb,7
54,Users.suj.Downloads.Check_Privilege_rule,WARNING,check_privilege skipped in Helpdesk::CloudFilesController,  skip_before_action :check_privilege,app/controllers/helpdesk/cloud_files_controller.rb,5
55,Users.suj.Downloads.Check_Privilege_rule,WARNING,check_privilege skipped in Helpdesk::CommonsController,"  skip_before_action :check_privilege, :verify_authenticity_token",app/controllers/helpdesk/commons_controller.rb,3
56,Users.suj.Downloads.Check_Privilege_rule,WARNING,check_privilege skipped in Helpdesk::InlineAttachmentsController,"	skip_before_action :remove_pjax_param, :check_privilege, :verify_authenticity_token,
	                   :check_account_state, :check_account_restriction, :set_time_zone, :check_day_pass_usage,
                     :set_locale, :ensure_proper_protocol, :check_session, :determine_pod",app/controllers/helpdesk/inline_attachments_controller.rb,6
57,Users.suj.Downloads.Check_Privilege_rule,WARNING,check_privilege skipped in HomeController,"  skip_before_action :check_privilege, :verify_authenticity_token",app/controllers/home_controller.rb,2
58,Users.suj.Downloads.Check_Privilege_rule,WARNING,check_privilege skipped in HttpRequestProxyController,"  skip_before_action :check_privilege, :verify_authenticity_token",app/controllers/http_request_proxy_controller.rb,9
59,Users.suj.Downloads.Check_Privilege_rule,WARNING,check_privilege skipped in Integrations::AdapterController,"	skip_before_action :check_session, :check_privilege, :verify_authenticity_token",app/controllers/integrations/adapter_controller.rb,10
60,Users.suj.Downloads.Check_Privilege_rule,WARNING,check_privilege skipped in Integrations::BomgarController,"  skip_before_action :check_privilege, :verify_authenticity_token",app/controllers/integrations/bomgar_controller.rb,2
61,Users.suj.Downloads.Check_Privilege_rule,WARNING,check_privilege skipped in Integrations::BoxController,  skip_before_action :check_privilege,app/controllers/integrations/box_controller.rb,3
62,Users.suj.Downloads.Check_Privilege_rule,WARNING,check_privilege skipped in Integrations::CloudServiceAccountsController,"  skip_before_action :check_privilege, :verify_authenticity_token, :check_day_pass_usage_with_user_time_zone, :set_msg_id, :handle_existing_items, only: [:update_status], raise: false",app/controllers/integrations/cloud_service_accounts_controller.rb,4
63,Users.suj.Downloads.Check_Privilege_rule,WARNING,check_privilege skipped in Integrations::CloudwatchAccountsController,"  skip_before_action :check_privilege, only: [:listen_alarms]",app/controllers/integrations/cloudwatch_accounts_controller.rb,12
64,Users.suj.Downloads.Check_Privilege_rule,WARNING,check_privilege skipped in Integrations::GmailGadgetsController,"  skip_before_action :check_privilege, :verify_authenticity_token",app/controllers/integrations/gmail_gadgets_controller.rb,2
65,Users.suj.Downloads.Check_Privilege_rule,WARNING,check_privilege skipped in Integrations::JiraIssueController,"  skip_before_action :check_privilege, :verify_authenticity_token, only: [:notify]",app/controllers/integrations/jira_issue_controller.rb,13
66,Users.suj.Downloads.Check_Privilege_rule,WARNING,check_privilege skipped in Integrations::LogmeinController,"  skip_before_action :check_privilege, :verify_authenticity_token",app/controllers/integrations/logmein_controller.rb,8
67,Users.suj.Downloads.Check_Privilege_rule,WARNING,check_privilege skipped in Integrations::PagerdutyController,"	skip_before_action :select_shard, :check_session, :check_privilege, :verify_authenticity_token, :set_current_account, only: [:connect_to_pagerduty], raise: false",app/controllers/integrations/pagerduty_controller.rb,9
68,Users.suj.Downloads.Check_Privilege_rule,WARNING,check_privilege skipped in Integrations::PivotalTrackerController,"  skip_before_action :check_privilege, :verify_authenticity_token, only: [:pivotal_updates]",app/controllers/integrations/pivotal_tracker_controller.rb,5
69,Users.suj.Downloads.Check_Privilege_rule,WARNING,check_privilege skipped in Integrations::RemoteConfigurationsController,  skip_before_action :check_privilege,app/controllers/integrations/remote_configurations_controller.rb,5
70,Users.suj.Downloads.Check_Privilege_rule,WARNING,check_privilege skipped in Integrations::SlackV2Controller,"  skip_before_action :check_privilege, :verify_authenticity_token, :check_day_pass_usage, only: [:create_ticket]",app/controllers/integrations/slack_v2_controller.rb,7
71,Users.suj.Downloads.Check_Privilege_rule,WARNING,check_privilege skipped in Integrations::WidgetsController,"  skip_before_action :check_privilege, :verify_authenticity_token",app/controllers/integrations/widgets_controller.rb,2
72,Users.suj.Downloads.Check_Privilege_rule,WARNING,check_privilege skipped in Integrations::YammerController,"	skip_before_action :check_privilege, only: [:callback_yammer, :set_session_and_by_pass_request]",app/controllers/integrations/yammer_controller.rb,9
73,Users.suj.Downloads.Check_Privilege_rule,WARNING,check_privilege skipped in Itil::CustomReportsController,"  skip_before_action :check_privilege, :verify_authenticity_token, only: [:download_file]",app/controllers/itil/custom_reports_controller.rb,31
74,Users.suj.Downloads.Check_Privilege_rule,WARNING,check_privilege skipped in Itil::RequestersController,"   skip_before_action :check_privilege, if: :requesters_workload?",app/controllers/itil/requesters_controller.rb,28
75,Users.suj.Downloads.Check_Privilege_rule,WARNING,check_privilege skipped in Itil::UploadedImagesController,	skip_before_action :check_privilege,app/controllers/itil/uploaded_images_controller.rb,5
76,Users.suj.Downloads.Check_Privilege_rule,WARNING,check_privilege skipped in JavascriptsController,"  skip_before_action :check_privilege, :verify_authenticity_token, :persist_user_agent, :set_time_zone,
  	:check_session, :check_day_pass_usage, :check_account_state, :check_account_restriction",app/controllers/javascripts_controller.rb,2
77,Users.suj.Downloads.Check_Privilege_rule,WARNING,check_privilege skipped in LookupFieldsController,"  skip_before_action :check_privilege, only: :choices",app/controllers/lookup_fields_controller.rb,9
78,Users.suj.Downloads.Check_Privilege_rule,WARNING,check_privilege skipped in Mobile::SettingsController,"  skip_before_action :check_privilege, only: [:mobile_login, :install_app, :get_qr_code]",app/controllers/mobile/settings_controller.rb,11
79,Users.suj.Downloads.Check_Privilege_rule,WARNING,check_privilege skipped in OmniauthCallbacksController,"  skip_before_action :check_privilege, :verify_authenticity_token",app/controllers/omniauth_callbacks_controller.rb,5
80,Users.suj.Downloads.Check_Privilege_rule,WARNING,check_privilege skipped in PasswordResetsController,"  skip_before_action :check_privilege, :verify_authenticity_token, raise: false",app/controllers/password_resets_controller.rb,4
81,Users.suj.Downloads.Check_Privilege_rule,WARNING,check_privilege skipped in ProfilesController,"   skip_before_action :check_privilege, except: [:api_key]",app/controllers/profiles_controller.rb,11
82,Users.suj.Downloads.Check_Privilege_rule,WARNING,check_privilege skipped in Public::ApprovalsController,  skip_before_action :check_privilege,app/controllers/public/approvals_controller.rb,4
83,Users.suj.Downloads.Check_Privilege_rule,WARNING,check_privilege skipped in Public::FidMigrationController,  skip_before_action :check_privilege,app/controllers/public/fid_migration_controller.rb,5
84,Users.suj.Downloads.Check_Privilege_rule,WARNING,check_privilege skipped in Public::OnboardingController,	skip_before_action :check_privilege,app/controllers/public/onboarding_controller.rb,11
85,Users.suj.Downloads.Check_Privilege_rule,WARNING,check_privilege skipped in RabbitMqController,"  skip_before_action :check_privilege, :verify_authenticity_token",app/controllers/rabbit_mq_controller.rb,3
86,Users.suj.Downloads.Check_Privilege_rule,WARNING,check_privilege skipped in S3PrivateUrlController,"  skip_before_action :check_session, :remove_pjax_param, :check_privilege, :verify_authenticity_token,
                     :check_account_state, :set_time_zone, :check_day_pass_usage,
                     :set_locale, :ensure_proper_protocol",app/controllers/s3_private_url_controller.rb,2
87,Users.suj.Downloads.Check_Privilege_rule,WARNING,check_privilege skipped in ScheduledTaskController,"	skip_before_action :determine_pod, :set_current_account, :check_account_state, :check_account_restriction,
                     :check_session, :check_privilege, :verify_authenticity_token, :remove_pjax_param,
                     :set_time_zone, :check_day_pass_usage , :set_locale, :ensure_proper_protocol",app/controllers/scheduled_task_controller.rb,4
88,Users.suj.Downloads.Check_Privilege_rule,WARNING,check_privilege skipped in Search::AutocompleteController,"  skip_before_action :check_privilege, only: :all_users",app/controllers/search/autocomplete_controller.rb,6
89,Users.suj.Downloads.Check_Privilege_rule,WARNING,check_privilege skipped in Search::V2::AutocompleteController,"  skip_before_action :check_privilege, only: [:all_users, :agents_and_requesters, :departments]",app/controllers/search/v2/autocomplete_controller.rb,10
90,Users.suj.Downloads.Check_Privilege_rule,WARNING,check_privilege skipped in Search::V2::ChannelAutocompleteController,"  skip_before_action :check_anonymous_user, :check_privilege",app/controllers/search/v2/channel_autocomplete_controller.rb,3
91,Users.suj.Downloads.Check_Privilege_rule,WARNING,check_privilege skipped in IntentsController,"      skip_before_action :check_privilege, :verify_authenticity_token",app/controllers/service_bot/freddy/intents_controller.rb,19
92,Users.suj.Downloads.Check_Privilege_rule,WARNING,check_privilege skipped in SolutionsUploadedImagesController,"  skip_before_action :check_privilege, only: [:index]",app/controllers/solutions_uploaded_images_controller.rb,5
93,Users.suj.Downloads.Check_Privilege_rule,WARNING,check_privilege skipped in SsoController,  skip_before_action :check_privilege,app/controllers/sso_controller.rb,9
94,Users.suj.Downloads.Check_Privilege_rule,WARNING,check_privilege skipped in SsoController,"  skip_before_action :check_privilege, :verify_authenticity_token, raise: false",app/controllers/sso_controller.rb,11
95,Users.suj.Downloads.Check_Privilege_rule,WARNING,check_privilege skipped in Support::BotController,"  skip_before_action :check_session, :check_privilege, :verify_authenticity_token, :remove_pjax_param,
                     :set_time_zone, :set_locale, :check_day_pass_usage, :ensure_proper_protocol",app/controllers/support/bot_controller.rb,4
96,Users.suj.Downloads.Check_Privilege_rule,WARNING,check_privilege skipped in Support::Integrations::HttpRequestProxyController,  skip_before_action :check_privilege,app/controllers/support/integrations/http_request_proxy_controller.rb,5
97,Users.suj.Downloads.Check_Privilege_rule,WARNING,check_privilege skipped in Support::Integrations::UserCredentialsController,  skip_before_action :check_privilege,app/controllers/support/integrations/user_credentials_controller.rb,5
98,Users.suj.Downloads.Check_Privilege_rule,WARNING,check_privilege skipped in Support::Mobile::SettingsController,  skip_before_action :check_privilege,app/controllers/support/mobile/settings_controller.rb,5
99,Users.suj.Downloads.Check_Privilege_rule,WARNING,check_privilege skipped in Support::NotesController,  skip_before_action :check_privilege,app/controllers/support/notes_controller.rb,3
100,Users.suj.Downloads.Check_Privilege_rule,WARNING,check_privilege skipped in Support::SurveysController,  skip_before_action :check_privilege,app/controllers/support/surveys_controller.rb,3
101,Users.suj.Downloads.Check_Privilege_rule,WARNING,check_privilege skipped in Support::V2::BaseController,"  skip_before_action :check_privilege, :check_account_restriction",app/controllers/support/v2/base_controller.rb,6
102,Users.suj.Downloads.Check_Privilege_rule,WARNING,check_privilege skipped in SupportController,"  skip_before_action :check_privilege, :check_account_restriction",app/controllers/support_controller.rb,3
103,Users.suj.Downloads.Check_Privilege_rule,WARNING,check_privilege skipped in ThemeController,"	skip_before_action :set_cache_buster, :check_privilege, :verify_authenticity_token",app/controllers/theme_controller.rb,2
104,Users.suj.Downloads.Check_Privilege_rule,WARNING,check_privilege skipped in TicketTemplatesUploadedImagesController,  skip_before_action :check_privilege,app/controllers/ticket_templates_uploaded_images_controller.rb,5
105,Users.suj.Downloads.Check_Privilege_rule,WARNING,check_privilege skipped in TicketsUploadedImagesController,  skip_before_action :check_privilege,app/controllers/tickets_uploaded_images_controller.rb,5
106,Users.suj.Downloads.Check_Privilege_rule,WARNING,check_privilege skipped in UserSessionsController,"  skip_before_action :check_privilege, :verify_authenticity_token",app/controllers/user_sessions_controller.rb,21
107,Users.suj.Downloads.Check_Privilege_rule,WARNING,check_privilege skipped in UsersController,"  skip_before_action :check_privilege, :verify_authenticity_token, only: :revert_identity",app/controllers/users_controller.rb,10
108,Users.suj.Downloads.Check_Privilege_rule,WARNING,check_privilege skipped in UsersController,"  skip_before_action :check_privilege, only: [:portal_preference, :business_rules_user_details]",app/controllers/users_controller.rb,12
109,Users.suj.Downloads.Check_Privilege_rule,WARNING,check_privilege skipped in Wf::FilterController,  skip_before_action :check_privilege,app/controllers/wf/filter_controller.rb,27
110,Users.suj.Downloads.Check_Privilege_rule,WARNING,check_privilege skipped in Widgets::FeedbackWidgetsController,"  skip_before_action :check_privilege, :verify_authenticity_token, raise: false",app/controllers/widgets/feedback_widgets_controller.rb,3
111,Users.suj.Downloads.Check_Privilege_rule,WARNING,check_privilege skipped in ChannelController,"    skip_before_action :check_session, :check_privilege, :verify_authenticity_token, :ensure_proper_protocol",components/ams/app/controllers/ams/channel_controller.rb,7
112,Users.suj.Downloads.Check_Privilege_rule,WARNING,check_privilege skipped in TicketsController,"    skip_before_action :check_privilege, :check_user_workspace, only: [:index, :search]",components/ams/app/controllers/ams/tickets_controller.rb,7
113,Users.suj.Downloads.Check_Privilege_rule,WARNING,check_privilege skipped in AssignmentHistoriesController,"    skip_before_action :check_privilege, only: [:assignment_history], if: :remove_assignment_history",components/asset/app/controllers/asset/assignment_histories_controller.rb,5
114,Users.suj.Downloads.Check_Privilege_rule,WARNING,check_privilege skipped in Asset::RelationshipMapsController,"  skip_before_action :check_privilege, :check_day_pass_usage_with_user_time_zone, :build_object, only: [:create]",components/asset/app/controllers/asset/relationship_maps_controller.rb,7
115,Users.suj.Downloads.Check_Privilege_rule,WARNING,check_privilege skipped in Asset::RelationshipsController,"  skip_before_action :check_privilege, :check_day_pass_usage_with_user_time_zone, :build_object, only: [:create]",components/asset/app/controllers/asset/relationships_controller.rb,11
116,Users.suj.Downloads.Check_Privilege_rule,WARNING,check_privilege skipped in Billing::UbxController,"  skip_before_action :verify_authenticity_token, :set_current_account, :set_shard_for_payload, :check_privilege, :ensure_proper_fd_domain,
  :check_account_state, :check_day_pass_usage_with_user_time_zone, :check_session, :load_object, :build_object, :redirect_to_workspace_selection",components/billing/app/controllers/billing/ubx_controller.rb,3
117,Users.suj.Downloads.Check_Privilege_rule,WARNING,check_privilege skipped in Cmdb::LocationsController,"	skip_before_action :check_privilege, only: :hierarchy",components/cmdb/app/controllers/cmdb/locations_controller.rb,8
118,Users.suj.Downloads.Check_Privilege_rule,WARNING,check_privilege skipped in Itil::ProbesController,  skip_before_action :check_privilege,components/cmdb/app/controllers/itil/probes_controller.rb,7
119,Users.suj.Downloads.Check_Privilege_rule,WARNING,check_privilege skipped in Itil::ScanAgentsController,	skip_before_action :check_privilege,components/cmdb/app/controllers/itil/scan_agents_controller.rb,7
120,Users.suj.Downloads.Check_Privilege_rule,WARNING,check_privilege skipped in SignatureCallbackController,"    skip_before_action :check_privilege, :verify_authenticity_token,
                       :check_day_pass_usage_with_user_time_zone, :build_object, :load_object, only: :dropbox_callback",components/document_generator/app/controllers/e_signature/signature_callback_controller.rb,12
121,Users.suj.Downloads.Check_Privilege_rule,WARNING,check_privilege skipped in InstanceConfigurationController,    skip_before_action :check_privilege,components/instance_management/app/controllers/instance_management/instance_configuration_controller.rb,6
122,Users.suj.Downloads.Check_Privilege_rule,WARNING,check_privilege skipped in TicketsController,"      skip_before_action :check_privilege, raise: false",components/ocs/app/controllers/ocs/channel/tickets_controller.rb,7
123,Users.suj.Downloads.Check_Privilege_rule,WARNING,check_privilege skipped in InitiatorFormsController,"    skip_before_action :check_privilege, only: [:show]",components/offboarding/app/controllers/offboarding/initiator_forms_controller.rb,8
124,Users.suj.Downloads.Check_Privilege_rule,WARNING,check_privilege skipped in Problem::ProblemsController,"  skip_before_action :check_privilege, if: -> { Account.current.esm_enhancements_enabled? && [:form_fields, :api_form_fields].include?(action_name.to_sym) }",components/problem/app/controllers/problem/problems_controller.rb,14
125,Users.suj.Downloads.Check_Privilege_rule,WARNING,check_privilege skipped in Release::ReleasesController,"  skip_before_action :check_privilege, if: -> { Account.current.esm_enhancements_enabled? && [:form_fields, :api_form_fields].include?(action_name.to_sym) }",components/release/app/controllers/release/releases_controller.rb,10
126,Users.suj.Downloads.Check_Privilege_rule,WARNING,check_privilege skipped in Software::Channel::ApplicationUsersController,"  skip_before_action :check_privilege, :verify_authenticity_token, :set_time_zone, :check_day_pass_usage_with_user_time_zone, :set_msg_id, :handle_existing_items",components/software/app/controllers/software/channel/application_users_controller.rb,4
127,Users.suj.Downloads.Check_Privilege_rule,WARNING,check_privilege skipped in Software::Channel::ApplicationsController,"  skip_before_action :check_privilege, :verify_authenticity_token, :check_day_pass_usage_with_user_time_zone, :set_msg_id, only: [:find_or_create, :bulk_destroy_by_config_id]",components/software/app/controllers/software/channel/applications_controller.rb,4
128,Users.suj.Downloads.Check_Privilege_rule,WARNING,check_privilege skipped in Solution::ChannelArticlesController,"  skip_before_action :check_privilege, only: [:index, :show]",components/solution/app/controllers/solution/channel_articles_controller.rb,6
129,Users.suj.Downloads.Check_Privilege_rule,WARNING,check_privilege skipped in Solution::ChannelCategoriesController,"	skip_before_action :check_privilege, only: [:index, :show]",components/solution/app/controllers/solution/channel_categories_controller.rb,5
130,Users.suj.Downloads.Check_Privilege_rule,WARNING,check_privilege skipped in Solution::ChannelFoldersController,"	skip_before_action :check_privilege, only: [:index, :show]",components/solution/app/controllers/solution/channel_folders_controller.rb,8
131,Users.suj.Downloads.Check_Privilege_rule,WARNING,check_privilege skipped in Helpdesk::NotesController,"  skip_before_action :check_privilege, only: [:edit, :update]",components/ticket/app/controllers/helpdesk/notes_controller.rb,13
132,Users.suj.Downloads.Check_Privilege_rule,WARNING,check_privilege skipped in Helpdesk::TicketsController,"  skip_before_action :check_privilege, :verify_authenticity_token, only: [:show, :similar_tickets_details_modal]",components/ticket/app/controllers/helpdesk/tickets_controller.rb,35
133,Users.suj.Downloads.Check_Privilege_rule,WARNING,check_privilege skipped in Mobile::TicketsController,"  skip_before_action :check_privilege, only: :ticket_properties",components/ticket/app/controllers/mobile/tickets_controller.rb,9
134,Users.suj.Downloads.Check_Privilege_rule,WARNING,check_privilege skipped in Public::NotesController,  skip_before_action :check_privilege,components/ticket/app/controllers/public/notes_controller.rb,7
135,Users.suj.Downloads.Check_Privilege_rule,WARNING,check_privilege skipped in Public::TicketsController,  skip_before_action :check_privilege,components/ticket/app/controllers/public/tickets_controller.rb,6
136,Users.suj.Downloads.Check_Privilege_rule,WARNING,check_privilege skipped in Ticket::Channel::Freshdesk::ConversationsController,"  skip_before_action :check_day_pass_usage_with_user_time_zone, :check_privilege, :can_send_user?",components/ticket/app/controllers/ticket/channel/freshdesk/conversations_controller.rb,9
137,Users.suj.Downloads.Check_Privilege_rule,WARNING,check_privilege skipped in Ticket::Channel::Freshdesk::TicketsController,"  skip_before_action :check_day_pass_usage_with_user_time_zone, :check_privilege, :handle_validation_errors",components/ticket/app/controllers/ticket/channel/freshdesk/tickets_controller.rb,3
138,Users.suj.Downloads.Check_Privilege_rule,WARNING,check_privilege skipped in Ticket::TicketFieldSuggesterController,"  skip_before_action :set_current_account, :check_privilege, :verify_authenticity_token,
                     :set_shard_for_payload, :set_client_ip, :check_account_state, :ensure_proper_protocol,
                     :set_time_zone, :check_day_pass_usage_with_user_time_zone, :ensure_proper_fd_domain,
                     :set_cache_buster, :set_locale, only: [:enable]",components/ticket/app/controllers/ticket/ticket_field_suggester_controller.rb,10
139,Users.suj.Downloads.Check_Privilege_rule,WARNING,check_privilege skipped in Ticket::TicketsController,"  skip_before_action :check_privilege, if: :private_ember_show_api?",components/ticket/app/controllers/ticket/tickets_controller.rb,74
140,Users.suj.Downloads.Check_Privilege_rule,WARNING,check_privilege skipped in Workload::WorkloadController,"  skip_before_action :check_privilege, only: %i[event_callback import_fr_planning_data fr_planning_data]",components/workload/app/controllers/workload/workload_controller.rb,12
